保利领秀前城,青秀,4室 2厅 2卫,14414 元/m²,111平方米,2018年,南,中层(共33层),精装修,有,22.800504,108.429898
云星钱隆天下南区,青秀,1室 1厅 1卫,16835 元/m²,50.5平方米,2010年,南,高层(共18层),精装修,有,22.803805,108.371219
凤岭名园,青秀,1室 0厅 1卫,16525 元/m²,39.9平方米,2010年,南,高层(共18层),精装修,有,22.832666,108.426085
荣和中央公园,青秀,3室 2厅 2卫,19347 元/m²,111.1平方米,2013年,南,中层(共31层),精装修,有,22.824801,108.344122
保利领秀前城,青秀,3室 2厅 2卫,13793 元/m²,87平方米,2018年,南北,中层(共33层),精装修,有,22.800504,108.429898
唐樾青山,青秀,4室 2厅 2卫,12427 元/m²,112.7平方米,2017年,南北,中层(共33层),精装修,有,22.805765,108.430969
保利领秀前城,青秀,4室 2厅 2卫,12250 元/m²,108平方米,2017年,南,中层(共25层),精装修,有,22.800504,108.429898
皇巢世家,青秀,3室 2厅 2卫,24712 元/m²,123.4平方米,2012年,南,高层(共32层),精装修,有,22.817758,108.394975
民发大观天下,青秀,4室 2厅 2卫,12915 元/m²,130.1平方米,2011年,南,高层(共28层),豪华装修,有,22.783749,108.350255
气象生活小区,青秀,3室 2厅 1卫,13084 元/m²,107平方米,2000年,南北,中层(共7层),简单装修,无,22.821532,108.355608
保利21世家,青秀,3室 2厅 2卫,17948 元/m²,86.4平方米,2009年,南,低层(共32层),精装修,有,22.810725,108.40108
美泉1612,青秀,1室 1厅 1卫,17179 元/m²,52.4平方米,2012年,南北,低层(共28层),精装修,有,22.832011,108.422388
苹果园,青秀,5室 3厅 2卫,9197 元/m²,250.1平方米,2014年,南北,高层(共12层),豪华装修,有,22.805763,108.429472
联发君澜,青秀,4室 2厅 2卫,14188 元/m²,112.8平方米,2015年,南,低层(共34层),简单装修,有,22.849232,108.389066
海茵国际花城,青秀,4室 2厅 2卫,7498 元/m²,173.4平方米,2010年,南,高层(共6层),毛坯,无,22.81284,108.468286
荣和山水美地5组团梦想湾,青秀,3室 2厅 2卫,16387 元/m²,119平方米,2005年,南,低层(共6层),简单装修,无,22.822713,108.41217
华凯逸悦豪庭二期,青秀,3室 2厅 2卫,14234 元/m²,137平方米,2014年,东南,低层(共32层),毛坯,有,22.822528,108.429874
绿海云天,青秀,3室 2厅 2卫,17269 元/m²,130.3平方米,2011年,南,高层(共11层),豪华装修,有,22.805969,108.399576
保利领秀前城,青秀,4室 2厅 2卫,14414 元/m²,111平方米,2018年,南,中层(共32层),精装修,有,22.800504,108.429898
金龙理想1号,青秀,4室 2厅 2卫,13194 元/m²,144平方米,2010年,南,中层(共11层),精装修,有,22.822691,108.423086
升禾绿城世界,青秀,2室 2厅 1卫,17089 元/m²,79平方米,2013年,南,中层(共17层),精装修,有,22.830355,108.424097
中铁凤岭国际城,青秀,3室 2厅 2卫,11044 元/m²,99平方米,2017年,南,中层(共25层),精装修,有,22.798538,108.454328
保利童心缘,青秀,4室 2厅 2卫,16508 元/m²,126平方米,2015年,东南,高层(共26层),精装修,有,22.834833,108.417579
中铁凤岭国际城,青秀,3室 2厅 2卫,11112 元/m²,99平方米,2018年,南北,中层(共26层),精装修,有,22.798538,108.454328
凤岭春天,青秀,3室 2厅 1卫,13217 元/m²,89.3平方米,2014年,东南,低层(共11层),精装修,有,22.822093,108.42611
保利童心缘,青秀,3室 2厅 2卫,16222 元/m²,90平方米,2017年,南北,中层(共32层),精装修,有,22.834833,108.417579
半岛融园,青秀,3室 2厅 2卫,10694 元/m²,127.2平方米,2008年,南北,高层(共9层),精装修,有,22.782232,108.346856
招商雍景湾,青秀,3室 2厅 2卫,15152 元/m²,96.4平方米,2016年,南,中层(共30层),简单装修,有,22.788783,108.358534
莱茵湖畔,青秀,6室 2厅 4卫,12729 元/m²,223.9平方米,2012年,南北,高层(共11层),毛坯,有,22.815013,108.422336
保利领秀前城,青秀,3室 2厅 2卫,13837 元/m²,86平方米,2017年,南北,中层(共32层),精装修,有,22.800504,108.429898
枫丹丽舍,青秀,2室 2厅 1卫,7196 元/m²,87.6平方米,2005年,南北,高层(共6层),精装修,无,22.782025,108.503138
联盟新城,青秀,1室 1厅 1卫,19411 元/m²,43.8平方米,2010年,西,高层(共15层),精装修,有,22.808013,108.39918
长湖景苑,青秀,4室 2厅 2卫,14791 元/m²,142平方米,2013年,南,中层(共33层),精装修,有,22.834907,108.369888
凤景湾,青秀,4室 2厅 2卫,19586 元/m²,152.2平方米,2014年,南,中层(共31层),精装修,有,22.827656,108.39511
昌泰东盟园,青秀,1室 1厅 1卫,18761 元/m²,45.8平方米,2017年,南北,中层(共32层),精装修,有,22.813497,108.405315
好运公寓,青秀,3室 2厅 2卫,11093 元/m²,99.2平方米,2000年,东南,高层(共9层),精装修,有,22.821752,108.345563
御江水岸,青秀,2室 2厅 1卫,3930 元/m²,89.1平方米,2019年,南,中层(共22层),毛坯,有,22.767764,108.505105
云星钱隆天下北区,青秀,1室 1厅 1卫,13976 元/m²,54.4平方米,2012年,南,低层(共18层),简单装修,有,22.80455,108.369399
南湖绿庭,青秀,3室 2厅 1卫,11846 元/m²,97.9平方米,2000年,南,高层(共7层),精装修,无,22.808274,108.356813
汇金苑,青秀,2室 2厅 1卫,12040 元/m²,99.7平方米,2004年,东南,中层(共31层),精装修,有,22.8169,108.369755
科技苑综合楼,青秀,3室 2厅 1卫,10833 元/m²,120平方米,1998年,南北,中层(共8层),简单装修,有,22.827264,108.355362
凤岭名园,青秀,3室 2厅 2卫,13086 元/m²,124.6平方米,2010年,南,低层(共23层),毛坯,有,22.832666,108.426085
保利领秀前城,青秀,4室 2厅 2卫,16000 元/m²,100平方米,2018年,南北,中层(共32层),精装修,有,22.800504,108.429898
铭湖经典,青秀,1室 0厅 1卫,13800 元/m²,52.9平方米,2008年,东南,低层(共31层),简单装修,有,22.81828,108.370859
利海亚洲国际,青秀,1室 1厅 1卫,15806 元/m²,50平方米,2009年,西南,中层(共30层),精装修,有,22.815775,108.404909
飞扬世代,青秀,1室 1厅 1卫,9402 元/m²,35.1平方米,2010年,南,高层(共28层),精装修,有,22.814164,108.440779
丝绸公司宿舍,青秀,2室 1厅 1卫,19286 元/m²,56平方米,1999年,南北,中层(共7层),精装修,无,22.82646,108.353663
荣和悦澜山,青秀,3室 2厅 2卫,14469 元/m²,91.9平方米,2018年,南,中层(共30层),简单装修,有,22.849897,108.386616
中鼎万象东方,青秀,1室 0厅 1卫,13379 元/m²,46.3平方米,2010年,南北,中层(共30层),精装修,有,22.819908,108.399886
盛天华府,青秀,3室 2厅 1卫,22618 元/m²,83.1平方米,2009年,南,高层(共22层),精装修,有,22.816032,108.407193
仙葫警官学校教职工宿舍,青秀,5室 2厅 2卫,8000 元/m²,175平方米,2009年,南北,高层(共6层),毛坯,无,22.808355,108.449753
保利21世家,青秀,4室 2厅 2卫,18939 元/m²,125.1平方米,2009年,南,低层(共16层),精装修,有,22.810725,108.40108
竹苑公寓,青秀,4室 2厅 2卫,13043 元/m²,128.8平方米,2002年,东南,中层(共7层),精装修,有,22.822379,108.356274
万科城(南区),青秀,3室 2厅 2卫,15787 元/m²,91.9平方米,2017年,西南,低层(共41层),精装修,有,22.846691,108.387662
东方广场,青秀,2室 1厅 1卫,8861 元/m²,72平方米,2009年,南北,中层(共18层),简单装修,有,22.813564,108.454998
大地华城,青秀,3室 2厅 2卫,11713 元/m²,122.1平方米,2008年,南北,高层(共32层),豪华装修,有,22.83122,108.368246
兴宁区机关宿舍,青秀,4室 2厅 2卫,10714 元/m²,140平方米,2000年,南,中层(共7层),精装修,有,22.829194,108.362649
半岛康城,青秀,3室 2厅 2卫,10451 元/m²,133平方米,2009年,南,低层(共18层),精装修,有,22.784166,108.356459
宏桂东昇,青秀,3室 2厅 1卫,10947 元/m²,89.5平方米,2014年,南,中层(共29层),精装修,有,22.818788,108.450561
财富国际广场,青秀,2室 2厅 1卫,12934 元/m²,97.4平方米,2011年,南,低层(共21层),毛坯,有,22.821317,108.410837
金科观天下,西乡塘,3室 2厅 2卫,8480 元/m²,100.2平方米,2019年,南,中层(共30层),精装修,有,22.863549,108.23552
万秀小区西区,西乡塘,3室 2厅 2卫,8431 元/m²,102平方米,2007年,南,高层(共10层),简单装修,有,22.8647,108.318414
奥园瀚林誉江府,西乡塘,3室 2厅 2卫,11290 元/m²,93平方米,2018年,南北,中层(共33层),精装修,有,22.842675,108.281502
西城大学府,西乡塘,3室 2厅 2卫,3646 元/m²,96平方米,2017年,南北,中层(共28层),毛坯,有,22.853718,108.222436
中国铁建安吉山语城,西乡塘,4室 2厅 2卫,9962 元/m²,109.4平方米,2018年,南,中层(共32层),精装修,有,22.885607,108.293978
裕丰荔园,西乡塘,3室 2厅 2卫,13587 元/m²,92平方米,2014年,南,低层(共33层),精装修,有,22.840679,108.288377
龙光水悦龙湾御江,西乡塘,4室 2厅 2卫,10080 元/m²,125平方米,2019年,南,低层(共32层),精装修,有,22.820198,108.291112
世贸西城,西乡塘,1室 1厅 1卫,10804 元/m²,43平方米,2009年,南,高层(共30层),精装修,有,22.838078,108.297134
振宁现代鲁班南区,西乡塘,2室 2厅 1卫,9648 元/m²,68.4平方米,2011年,南,中层(共14层),精装修,有,22.829723,108.285942
滨江华府,西乡塘,3室 2厅 2卫,3371 元/m²,89平方米,2018年,南北,低层(共32层),精装修,有,22.864265,108.243415
天健城,西乡塘,3室 2厅 2卫,9364 元/m²,91.8平方米,2018年,南北,低层(共30层),精装修,有,22.826749,108.28811
阳光城檀悦,西乡塘,3室 2厅 2卫,10291 元/m²,95.2平方米,2017年,南北,中层(共32层),精装修,有,22.856234,108.305686
台湾街宜兰湾,西乡塘,3室 2厅 2卫,9778 元/m²,90平方米,2014年,南,中层(共30层),精装修,有,22.813198,108.300122
湖畔御景,西乡塘,3室 2厅 2卫,3933 元/m²,89平方米,2018年,南北,低层(共28层),毛坯,有,22.864071,108.24205
湖畔御景,西乡塘,3室 2厅 2卫,3258 元/m²,89平方米,2019年,南北,中层(共32层),精装修,有,22.864071,108.24205
金科观天下,西乡塘,3室 2厅 2卫,7452 元/m²,88.6平方米,2018年,南北,中层(共31层),精装修,有,22.863549,108.23552
正桂名庭,西乡塘,3室 2厅 2卫,3909 元/m²,110平方米,2017年,东,中层(共30层),毛坯,有,22.885857,108.289951
学府天地,西乡塘,3室 2厅 2卫,4130 元/m²,92平方米,2018年,南,中层(共28层),毛坯,有,22.8633,108.238677
西城大学府,西乡塘,4室 2厅 2卫,3333 元/m²,120平方米,2018年,南,中层(共30层),精装修,有,22.853718,108.222436
和德新天地,西乡塘,1室 1厅 1卫,5283 元/m²,41.6平方米,2015年,南北,高层(共32层),精装修,有,22.842905,108.224702
中梁柏仕公馆,西乡塘,2室 2厅 2卫,7918 元/m²,39.2平方米,2018年,北,高层(共19层),精装修,有,22.837741,108.226753
中梁柏仕公馆,西乡塘,2室 1厅 2卫,7876 元/m²,39.4平方米,2017年,南北,高层(共19层),毛坯,有,22.837741,108.226753
中梁柏仕公馆,西乡塘,2室 2厅 2卫,10023 元/m²,39.9平方米,2018年,南北,中层(共23层),简单装修,有,22.837741,108.226753
大都家园,西乡塘,1室 1厅 1卫,9790 元/m²,48平方米,2014年,南,高层(共26层),精装修,有,22.885905,108.32256
龙光水悦龙湾,西乡塘,3室 2厅 2卫,11011 元/m²,89平方米,2017年,东南,中层(共31层),精装修,有,22.820309,108.290729
保利心语,西乡塘,3室 2厅 2卫,7545 元/m²,92.8平方米,2017年,东南,中层(共32层),精装修,有,22.851716,108.331651
西城大学府,西乡塘,3室 2厅 1卫,3438 元/m²,96平方米,2018年,南,中层(共32层),毛坯,有,22.853718,108.222436
北湖建材城美装公寓,西乡塘,1室 1厅 1卫,3091 元/m²,44平方米,2017年,南北,中层(共9层),简单装修,有,22.873892,108.329832
金科观天下,西乡塘,3室 2厅 2卫,10208 元/m²,122.5平方米,2018年,南北,高层(共28层),精装修,有,22.863549,108.23552
学府天地,西乡塘,2室 2厅 2卫,4444 元/m²,45平方米,2019年,南北,高层(共14层),毛坯,有,22.8633,108.238677
学府天地,西乡塘,3室 2厅 2卫,4727 元/m²,55平方米,2019年,东南,高层(共14层),毛坯,有,22.8633,108.238677
学府天地,西乡塘,2室 2厅 2卫,3636 元/m²,55平方米,2019年,南北,中层(共15层),毛坯,有,22.8633,108.238677
西城大学府,西乡塘,3室 2厅 2卫,3338 元/m²,107.3平方米,2019年,南,高层(共33层),毛坯,有,22.853718,108.222436
云星创客园,西乡塘,2室 2厅 1卫,7436 元/m²,39平方米,2017年,南,中层(共15层),毛坯,有,22.893859,108.303449
美装公寓,西乡塘,2室 2厅 1卫,3182 元/m²,66平方米,2018年,南,低层(共19层),简单装修,有,22.873892,108.329832
世贸西城,西乡塘,1室 0厅 1卫,12102 元/m²,31.4平方米,2009年,南,中层(共28层),精装修,有,22.838078,108.297134
正桂名庭,西乡塘,1室 1厅 1卫,4043 元/m²,47平方米,2019年,南,中层(共29层),精装修,有,22.885857,108.289951
龙光水悦龙湾,西乡塘,3室 2厅 1卫,13660 元/m²,77.6平方米,2013年,南,低层(共34层),豪华装修,有,22.820309,108.290729
云星创客园,西乡塘,2室 2厅 2卫,10297 元/m²,40.8平方米,2019年,南,中层(共15层),毛坯,有,22.893859,108.303449
云星城市春天西区,西乡塘,3室 2厅 1卫,12299 元/m²,87平方米,2009年,南北,低层(共11层),简单装修,有,22.859018,108.329493
安吉华都,西乡塘,3室 2厅 1卫,10560 元/m²,80.5平方米,2013年,南北,高层(共30层),豪华装修,有,22.864769,108.303629
安吉华都,西乡塘,3室 2厅 1卫,10562 元/m²,80.5平方米,2013年,南北,中层(共30层),豪华装修,有,22.864769,108.303629
奔腾安吉苑,西乡塘,3室 2厅 2卫,12102 元/m²,89.2平方米,2016年,南北,低层(共30层),精装修,有,22.865066,108.307989
江川圣境,西乡塘,2室 2厅 1卫,6823 元/m²,82.1平方米,2014年,南,高层(共30层),精装修,有,22.839436,108.208248
新秀小区,西乡塘,2室 2厅 1卫,9127 元/m²,63平方米,2000年,南,中层(共8层),精装修,无,22.82654,108.291978
兴业广场,西乡塘,3室 2厅 2卫,3696 元/m²,92平方米,2017年,南北,中层(共32层),毛坯,有,22.885092,108.289993
华景园,西乡塘,3室 2厅 2卫,4938 元/m²,81平方米,2017年,南北,中层(共32层),毛坯,有,22.865319,108.308102
骋望怡璟湾,西乡塘,2室 2厅 1卫,8860 元/m²,82.4平方米,2013年,南,中层(共28层),精装修,有,22.827251,108.198603
奔腾安吉苑,西乡塘,4室 2厅 2卫,11878 元/m²,89.2平方米,2013年,南,低层(共32层),精装修,有,22.865066,108.307989
盛天时代,西乡塘,4室 2厅 2卫,12612 元/m²,97.5平方米,2013年,南,中层(共18层),精装修,有,22.87229,108.300408
大商汇国际住区,西乡塘,3室 2厅 2卫,10015 元/m²,132.8平方米,2013年,南,共5层,精装修,无,22.883016,108.299223
尚家公寓,西乡塘,2室 2厅 1卫,2857 元/m²,56平方米,2018年,南,高层(共30层),精装修,有,22.887321,108.300249
尚家公寓,西乡塘,3室 2厅 2卫,2941 元/m²,68平方米,2019年,南,中层(共30层),精装修,有,22.887321,108.300249
融创融公馆,西乡塘,1室 1厅 1卫,11483 元/m²,41.8平方米,2019年,东南,中层(共33层),精装修,有,22.817108,108.305275
世贸西城,西乡塘,1室 1厅 1卫,10804 元/m²,43平方米,2006年,南,高层(共30层),精装修,有,22.838078,108.297134
世贸商城,西乡塘,2室 1厅 1卫,10162 元/m²,67.9平方米,2012年,南北,高层(共32层),精装修,有,22.821526,108.32026
康美花园,西乡塘,3室 2厅 1卫,9180 元/m²,81.7平方米,2003年,南,高层(共8层),简单装修,无,22.826752,108.298965
瑞士花园,西乡塘,3室 2厅 1卫,8058 元/m²,103平方米,2004年,南,中层(共6层),精装修,无,22.84493,108.275397
龙光水悦龙湾,西乡塘,3室 2厅 1卫,11678 元/m²,81.4平方米,2013年,南,中层(共32层),精装修,有,22.820309,108.290729
金科观天下,西乡塘,4室 2厅 2卫,9209 元/m²,126平方米,2018年,东南,高层(共27层),精装修,有,22.863549,108.23552
银泉花园E区,江海区,3室 2厅 1卫,8298 元/m²,94平方米,2005年,南北,中层(共7层),精装修,无,22.576125,113.122319
合景叠翠峰,江海区,3室 2厅 1卫,10241 元/m²,83平方米,2019年,南,低层(共21层),豪华装修,有,22.559584,113.11681
翠鸣苑,江海区,3室 2厅 2卫,7429 元/m²,105平方米,2002年,南北,高层(共7层),精装修,无,22.578025,113.108619
星湖湾,江海区,3室 2厅 2卫,9479 元/m²,96平方米,2014年,南,中层(共33层),精装修,无,22.560563,113.081187
龙溪新城,江海区,3室 2厅 2卫,10192 元/m²,104平方米,2017年,南,高层(共31层),毛坯,有,22.59613,113.168128
银泉花园E区,江海区,3室 2厅 1卫,8298 元/m²,94平方米,2007年,南北,中层(共7层),精装修,无,22.576125,113.122319
朗怡居,江海区,1室 1厅 1卫,8615 元/m²,52平方米,2009年,南,高层(共9层),豪华装修,有,22.569431,113.111298
江门东汇城,江海区,3室 2厅 2卫,9432 元/m²,88平方米,2019年,南,共1层,毛坯,无,22.574043,113.101116
康城,江海区,3室 2厅 2卫,12500 元/m²,84平方米,2015年,南,高层(共28层),精装修,有,22.566554,113.113734
银城花园,江海区,3室 2厅 2卫,9009 元/m²,111平方米,2016年,南北,中层(共11层),精装修,有,22.568408,113.10336
凤鸣苑,江海区,5室 4厅 5卫,10000 元/m²,338平方米,2008年,南,共3层,毛坯,无,22.583816,113.108944
龙溪新城,江海区,2室 2厅 1卫,10272 元/m²,75平方米,2017年,南,高层(共32层),毛坯,有,22.59613,113.168128
江海怡景湾,江海区,3室 2厅 2卫,10227 元/m²,88平方米,2019年,南,低层(共16层),豪华装修,有,22.563293,113.107232
朗怡居,江海区,3室 2厅 1卫,9072 元/m²,97平方米,2007年,南北,高层(共9层),精装修,有,22.569431,113.111298
文华豪庭,江海区,2室 2厅 1卫,7474 元/m²,76平方米,2016年,南,中层(共30层),毛坯,有,22.560932,113.093939
星海湾,江海区,3室 2厅 2卫,10606 元/m²,99平方米,2016年,南,中层(共28层),毛坯,有,22.576325,113.09693
朗怡居,江海区,2室 1厅 2卫,8471 元/m²,85平方米,2007年,南,中层(共9层),精装修,有,22.569431,113.111298
天鹅湾,江海区,3室 2厅 1卫,12315 元/m²,108平方米,2015年,南,低层(共28层),精装修,有,22.570211,113.116396
天鹅湾,江海区,7室 3厅 3卫,9524 元/m²,210平方米,2013年,南,共4层,豪华装修,有,22.570211,113.116396
星海湾,江海区,4室 2厅 3卫,10150 元/m²,133平方米,2017年,南北,高层(共32层),毛坯,有,22.576325,113.09693
星海湾,江海区,3室 2厅 2卫,11313 元/m²,99平方米,2016年,南北,高层(共27层),毛坯,有,22.576325,113.09693
格林春天,江海区,3室 2厅 2卫,9474 元/m²,95平方米,2015年,西南,中层(共17层),毛坯,有,22.600815,113.126684
星海湾,江海区,3室 2厅 2卫,10588 元/m²,85平方米,2017年,北,低层(共27层),毛坯,有,22.576325,113.09693
天鹅湾,江海区,3室 2厅 2卫,10259 元/m²,116平方米,2016年,东北,高层(共18层),毛坯,有,22.570211,113.116396
龙溪新城,江海区,3室 2厅 1卫,9688 元/m²,96平方米,2018年,南,高层(共32层),毛坯,有,22.59613,113.168128
龙溪新城,江海区,5室 2厅 3卫,10282 元/m²,144.9平方米,2016年,南,中层(共31层),毛坯,有,22.59613,113.168128
天鹅湾,江海区,3室 2厅 1卫,8571 元/m²,105平方米,2015年,南,高层(共22层),毛坯,有,22.570211,113.116396
龙溪新城,江海区,4室 2厅 2卫,10113 元/m²,128.6平方米,2016年,南北,中层(共31层),毛坯,有,22.59613,113.168128
龙溪新城,江海区,3室 2厅 2卫,9701 元/m²,107平方米,2017年,南,低层(共31层),毛坯,有,22.59613,113.168128
天鹅湾,江海区,2室 2厅 1卫,10958 元/m²,84平方米,2010年,南,低层(共22层),精装修,有,22.570211,113.116396
天鹅湾,江海区,3室 2厅 2卫,10407 元/m²,118平方米,2009年,南北,中层(共9层),精装修,有,22.570211,113.116396
星海湾,江海区,4室 2厅 3卫,9924 元/m²,132平方米,2017年,南北,中层(共28层),毛坯,有,22.576325,113.09693
龙溪新城,江海区,3室 2厅 2卫,9019 元/m²,104平方米,2017年,南,低层(共31层),毛坯,有,22.59613,113.168128
珑山居,江海区,3室 2厅 2卫,11000 元/m²,100平方米,2017年,南北,高层(共13层),精装修,有,22.599597,113.149591
星海湾,江海区,3室 2厅 2卫,9762 元/m²,84平方米,2015年,南,中层(共28层),毛坯,有,22.576325,113.09693
合景叠翠峰,江海区,3室 2厅 2卫,10000 元/m²,90平方米,2019年,南,中层(共30层),精装修,无,22.559584,113.11681
龙溪新城,江海区,3室 2厅 2卫,10341 元/m²,102.5平方米,2017年,南,高层(共30层),简单装修,有,22.59613,113.168128
文华豪庭,江海区,3室 2厅 1卫,6237 元/m²,93平方米,2009年,南,低层(共25层),精装修,有,22.560932,113.093939
江海怡景湾,江海区,3室 2厅 2卫,9773 元/m²,88平方米,2017年,南,低层(共21层),精装修,有,22.563293,113.107232
银泉花园E区,江海区,3室 2厅 2卫,6922 元/m²,99.7平方米,2005年,南北,高层(共7层),简单装修,无,22.576125,113.122319
龙溪新城,江海区,3室 2厅 2卫,10630 元/m²,100.7平方米,2017年,南,中层(共30层),毛坯,有,22.59613,113.168128
朗晴新天地,江海区,2室 2厅 1卫,8842 元/m²,95平方米,2013年,南,低层(共28层),精装修,有,22.569032,113.090597
凯旋堡,江海区,1室 1厅 1卫,8534 元/m²,58平方米,2017年,南,低层(共18层),毛坯,有,22.580713,113.103214
凤鸣苑,江海区,3室 2厅 1卫,8500 元/m²,80平方米,2003年,南,中层(共7层),精装修,无,22.583816,113.108944
帕佳图双子星广场,江海区,4室 2厅 2卫,11440 元/m²,125平方米,2019年,南北,低层(共32层),精装修,有,22.561045,113.110183
蓬苑小区,江海区,2室 2厅 1卫,5205 元/m²,73平方米,1997年,南北,中层(共8层),精装修,无,22.583356,113.104271
合景叠翠峰,江海区,3室 2厅 2卫,10430 元/m²,93平方米,2017年,南,中层(共28层),精装修,有,22.559584,113.11681
龙溪新城,江海区,3室 2厅 2卫,9640 元/m²,107.7平方米,2017年,南,中层(共30层),毛坯,有,22.59613,113.168128
汇嘉南湾,江海区,3室 2厅 2卫,9708 元/m²,97.9平方米,2016年,南北,高层(共25层),毛坯,有,22.571608,113.095795
天鹅湾,江海区,3室 2厅 2卫,9648 元/m²,142平方米,2009年,南北,中层(共9层),精装修,有,22.570211,113.116396
银城花园,江海区,3室 2厅 2卫,8559 元/m²,111平方米,2016年,南北,中层(共11层),精装修,有,22.568408,113.10336
银泉花园E区,江海区,3室 2厅 1卫,8298 元/m²,94平方米,2001年,南,中层(共7层),简单装修,无,22.576125,113.122319
龙溪新城,江海区,4室 2厅 3卫,10282 元/m²,144.9平方米,2016年,南北,中层(共32层),毛坯,有,22.59613,113.168128
朗怡居,江海区,1室 1厅 1卫,8533 元/m²,52.5平方米,2007年,南,高层(共9层),精装修,有,22.569431,113.111298
康城,江海区,3室 2厅 2卫,11406 元/m²,87.7平方米,2015年,南,高层(共28层),精装修,有,22.566554,113.113734
龙溪新城,江海区,3室 2厅 2卫,9818 元/m²,110平方米,2017年,南,中层(共31层),精装修,有,22.59613,113.168128
龙溪新城,江海区,3室 2厅 1卫,10316 元/m²,95平方米,2017年,南北,高层(共32层),毛坯,有,22.59613,113.168128
银泉花园E区,江海区,3室 2厅 1卫,8298 元/m²,94平方米,2007年,南北,中层(共7层),精装修,无,22.576125,113.122319
星海湾,江海区,3室 2厅 2卫,11313 元/m²,99平方米,2017年,南北,高层(共27层),毛坯,有,22.576325,113.09693
朗怡居,江海区,2室 1厅 2卫,8471 元/m²,85平方米,2007年,南,中层(共9层),精装修,有,22.569431,113.111298
温莎北郡,兴宁,3室 2厅 2卫,9507 元/m²,84.2平方米,2015年,南,高层(共30层),毛坯,有,22.918887,108.465384
天健世纪花园,兴宁,3室 2厅 2卫,16514 元/m²,87.2平方米,2013年,南北,高层(共33层),简单装修,有,22.83716,108.34968
嘉和城塞纳右岸,兴宁,6室 2厅 3卫,8022 元/m²,174.5平方米,2016年,南北,中层(共30层),毛坯,有,22.908013,108.448467
格兰云天,兴宁,1室 1厅 1卫,14524 元/m²,42平方米,2008年,北,高层(共23层),简单装修,有,22.82071,108.330463
绿地城,兴宁,3室 2厅 2卫,7818 元/m²,110平方米,2018年,东南,中层(共26层),精装修,有,22.904355,108.441205
明园饭店宿舍,兴宁,2室 2厅 1卫,12143 元/m²,56平方米,1992年,南,中层(共7层),精装修,无,22.829445,108.334504
虹桥新城,兴宁,2室 1厅 1卫,4423 元/m²,52平方米,2019年,东南,低层(共32层),毛坯,有,22.865588,108.393141
荣和山水绿城二期,兴宁,3室 2厅 2卫,13551 元/m²,88.6平方米,2013年,南北,高层(共34层),豪华装修,有,22.862032,108.342314
中海国际社区,兴宁,4室 2厅 2卫,12360 元/m²,89平方米,2014年,南,高层(共33层),精装修,无,22.873047,108.380343
嘉和城温莎南郡,兴宁,3室 2厅 2卫,11263 元/m²,115.4平方米,2012年,南北,中层(共30层),精装修,有,22.915167,108.464859
龙光玖誉府,兴宁,3室 2厅 2卫,7340 元/m²,92.6平方米,2017年,南北,中层(共26层),毛坯,有,22.880224,108.430998
华夏院子,兴宁,4室 2厅 2卫,8000 元/m²,125平方米,2018年,东北,中层(共33层),毛坯,有,22.88968,108.437166
盛天果岭,兴宁,3室 2厅 1卫,13274 元/m²,87.4平方米,2012年,南北,中层(共17层),精装修,有,22.846337,108.37059
军安新村,兴宁,3室 2厅 2卫,8165 元/m²,105.3平方米,2009年,南北,高层(共7层),精装修,无,22.865229,108.337513
保利山渐青,兴宁,3室 2厅 2卫,10522 元/m²,107.4平方米,2015年,南北,中层(共18层),精装修,有,22.893785,108.356665
龙基传媒星城,兴宁,3室 2厅 2卫,8296 元/m²,135平方米,2013年,南,中层(共32层),精装修,有,22.855959,108.374308
荣和山水绿城二期,兴宁,3室 2厅 2卫,13029 元/m²,89平方米,2013年,南北,低层(共24层),豪华装修,有,22.862032,108.342314
金牛小区,兴宁,3室 2厅 1卫,9701 元/m²,74.2平方米,1995年,南北,中层(共6层),精装修,无,22.835264,108.346413
嘉和城塞纳左岸,兴宁,5室 2厅 3卫,9175 元/m²,139.5平方米,2016年,南,中层(共30层),毛坯,有,22.907233,108.447165
大唐印象,兴宁,3室 2厅 2卫,9524 元/m²,84平方米,2018年,南北,中层(共32层),精装修,有,22.863981,108.391022
嘉和城塞纳右岸,兴宁,5室 2厅 3卫,8496 元/m²,133平方米,2015年,南北,中层(共32层),毛坯,有,22.908013,108.448467
嘉和城白鹭前湖,兴宁,3室 2厅 2卫,10044 元/m²,89.6平方米,2015年,南,高层(共31层),精装修,有,22.917549,108.453561
绿地城,兴宁,4室 2厅 2卫,7569 元/m²,144平方米,2019年,南,高层(共32层),精装修,有,22.904355,108.441205
中海国际社区华府,兴宁,3室 2厅 2卫,10112 元/m²,89平方米,2017年,南北,中层(共30层),精装修,有,22.874629,108.382967
皇龙新城,兴宁,3室 2厅 2卫,8212 元/m²,121.8平方米,2011年,南,中层(共11层),精装修,有,22.858006,108.348206
金源一品天下,兴宁,3室 2厅 2卫,8465 元/m²,94.5平方米,2017年,南,中层(共33层),精装修,有,22.870567,108.367889
江宇世纪城二期,兴宁,2室 2厅 1卫,13731 元/m²,48.7平方米,2013年,南,高层(共33层),精装修,有,22.856487,108.337245
嘉和城白鹭前湖,兴宁,3室 2厅 2卫,8928 元/m²,89.6平方米,2017年,南北,中层(共30层),毛坯,有,22.917549,108.453561
盛天果岭,兴宁,1室 1厅 1卫,14088 元/m²,44.7平方米,2012年,南,中层(共25层),精装修,有,22.846337,108.37059
金源橘子郡,兴宁,3室 2厅 2卫,10588 元/m²,102平方米,2011年,南,低层(共11层),精装修,有,22.872627,108.364423
龙光玖誉府,兴宁,4室 2厅 2卫,7934 元/m²,112.2平方米,2018年,南北,高层(共20层),精装修,有,22.880224,108.430998
鑫利华家园,兴宁,2室 1厅 1卫,11046 元/m²,66.1平方米,2014年,南,高层(共31层),精装修,有,22.874672,108.368024
龙基传媒星城,兴宁,3室 2厅 2卫,8669 元/m²,132.7平方米,2013年,南,中层(共28层),毛坯,有,22.855959,108.374308
盛天东郡,兴宁,6室 2厅 3卫,10481 元/m²,241.4平方米,2015年,南,高层(共33层),毛坯,有,22.867139,108.388633
盛天小世界,兴宁,3室 2厅 2卫,10891 元/m²,101平方米,2010年,南北,低层(共34层),精装修,有,22.86742,108.387874
中海国际社区华府,兴宁,4室 2厅 2卫,12256 元/m²,89.8平方米,2001年,南,中层(共33层),精装修,有,22.874629,108.382967
嘉和城白鹭前湖,兴宁,3室 2厅 1卫,9793 元/m²,89.9平方米,2017年,南,低层(共32层),豪华装修,有,22.917549,108.453561
盛天公馆,兴宁,3室 2厅 2卫,14598 元/m²,84.3平方米,2013年,南,低层(共28层),精装修,有,22.839022,108.353054
聚宝苑小区,兴宁,3室 2厅 2卫,9832 元/m²,119平方米,1999年,南,高层(共19层),精装修,有,22.831157,108.340865
荣和山水绿城二期,兴宁,3室 2厅 2卫,12131 元/m²,89平方米,2014年,东南,低层(共28层),精装修,有,22.862032,108.342314
嘉和城温莎南郡,兴宁,2室 2厅 1卫,9445 元/m²,77.3平方米,2014年,南,高层(共30层),精装修,有,22.915167,108.464859
金桂花园,兴宁,3室 2厅 1卫,10186 元/m²,86.4平方米,2006年,南北,中层(共6层),精装修,无,22.837236,108.344928
盛天东郡,兴宁,4室 2厅 2卫,13339 元/m²,138.7平方米,2016年,南,低层(共35层),豪华装修,有,22.867139,108.388633
鑫利华家园,兴宁,2室 1厅 1卫,11046 元/m²,66.1平方米,2014年,南,高层(共31层),精装修,有,22.874672,108.368024
聚宝苑小区,兴宁,3室 2厅 1卫,10000 元/m²,92平方米,2000年,南,低层(共28层),精装修,有,22.831157,108.340865
嘉和城白鹭前湖,兴宁,5室 2厅 3卫,8834 元/m²,131.3平方米,2015年,南,高层(共32层),毛坯,有,22.917549,108.453561
广西电视局宿舍,兴宁,4室 2厅 2卫,10839 元/m²,143平方米,2013年,南北,中层(共22层),精装修,有,22.850715,108.372566
大嘉汇东城,兴宁,1室 1厅 1卫,10905 元/m²,36.7平方米,2014年,南北,中层(共22层),精装修,有,22.871015,108.376859
中海国际社区,兴宁,4室 2厅 2卫,10652 元/m²,92平方米,2015年,南,低层(共33层),精装修,有,22.873047,108.380343
嘉和城白鹭中洲,兴宁,4室 2厅 2卫,8933 元/m²,128.7平方米,2019年,南,中层(共32层),精装修,有,22.918249,108.44509
中海国际社区华府,兴宁,4室 2厅 2卫,12841 元/m²,88平方米,2014年,东南,低层(共32层),精装修,有,22.874629,108.382967
澳华花园,兴宁,2室 2厅 1卫,8750 元/m²,80平方米,2010年,北,高层(共7层),精装修,无,22.870709,108.353866
龙基传媒星城,兴宁,3室 2厅 2卫,8669 元/m²,132.7平方米,2013年,南,中层(共28层),毛坯,有,22.855959,108.374308
龙基传媒星城,兴宁,3室 2厅 2卫,9094 元/m²,85.8平方米,2014年,南,中层(共32层),精装修,有,22.855959,108.374308
嘉和城塞纳左岸,兴宁,3室 2厅 2卫,10466 元/m²,84.1平方米,2016年,南北,低层(共32层),精装修,有,22.907233,108.447165
瀚林美筑,兴宁,3室 2厅 2卫,13624 元/m²,88.1平方米,2015年,东南,中层(共17层),精装修,有,22.859419,108.352227
绿地城,兴宁,3室 2厅 2卫,8586 元/m²,99平方米,2019年,南北,中层(共28层),豪华装修,有,22.904355,108.441205
荣和山水绿城一期,兴宁,3室 2厅 1卫,10785 元/m²,78.8平方米,2013年,南,高层(共33层),精装修,有,22.86197,108.339938
荣和山水绿城二期,兴宁,3室 2厅 2卫,12580 元/m²,89平方米,2015年,南,低层(共34层),精装修,有,22.862032,108.342314
龙基传媒星城,兴宁,4室 2厅 2卫,7552 元/m²,131.1平方米,2015年,南,低层(共32层),毛坯,有,22.855959,108.374308
荣和五象学府,良庆,3室 2厅 1卫,12375 元/m²,80平方米,2019年,南,中层(共30层),精装修,有,22.714722,108.391836
碧水天和,良庆,3室 2厅 2卫,15651 元/m²,134.2平方米,2014年,南,中层(共31层),精装修,有,22.78085,108.381583
龙光玖珑郡(商住楼),良庆,2室 1厅 1卫,9375 元/m²,32平方米,2019年,南北,中层(共29层),精装修,有,22.709979,108.391678
祖龙ACMALL,良庆,1室 1厅 1卫,11226 元/m²,45.4平方米,2019年,南北,中层(共27层),精装修,有,22.729125,108.343543
金悦澜湾,良庆,3室 2厅 2卫,8997 元/m²,101.7平方米,2017年,南北,中层(共31层),精装修,有,22.774496,108.328422
彰泰郡,良庆,3室 2厅 2卫,12013 元/m²,85.7平方米,2019年,南,中层(共20层),精装修,有,22.711759,108.388449
龙光玖誉湖,良庆,4室 2厅 2卫,10667 元/m²,90平方米,2017年,南北,高层(共31层),精装修,有,22.753807,108.414953
万科金域中央,良庆,3室 2厅 2卫,11916 元/m²,96.5平方米,2018年,南北,中层(共30层),精装修,有,22.758951,108.387577
祖龙ACMALL,良庆,2室 2厅 1卫,10161 元/m²,62平方米,2017年,南北,中层(共33层),精装修,有,22.729125,108.343543
龙光玖珑郡(商住楼),良庆,2室 2厅 1卫,10000 元/m²,32平方米,2018年,南北,中层(共28层),毛坯,有,22.709979,108.391678
祖龙ACMALL,良庆,1室 1厅 1卫,9087 元/m²,41.8平方米,2018年,南北,中层(共27层),精装修,有,22.729125,108.343543
祖龙ACMALL,良庆,2室 1厅 1卫,10989 元/m²,57.3平方米,2017年,南北,中层(共32层),精装修,有,22.729125,108.343543
天誉城,良庆,3室 2厅 2卫,10112 元/m²,89平方米,2018年,南,中层(共28层),精装修,有,22.760517,108.430069
盛邦珑湖,良庆,3室 2厅 2卫,14092 元/m²,92.3平方米,2017年,南,中层(共32层),毛坯,有,22.744119,108.364257
合景天汇广场,良庆,4室 2厅 2卫,15852 元/m²,119.9平方米,2015年,南北,低层(共31层),精装修,有,22.735053,108.387344
阳光新城碧涛苑,良庆,3室 2厅 2卫,8633 元/m²,109.5平方米,2007年,南,高层(共6层),精装修,无,22.762021,108.337071
万科魅力之城,良庆,4室 2厅 2卫,17805 元/m²,92.7平方米,2016年,南,中层(共35层),精装修,有,22.726621,108.397472
绿地国际花都,良庆,3室 2厅 2卫,17040 元/m²,91平方米,2015年,南,高层(共38层),毛坯,有,22.728173,108.390559
荣和五象学府,良庆,4室 2厅 2卫,10102 元/m²,98平方米,2019年,南北,中层(共21层),精装修,有,22.714722,108.391836
印象愉景湾,良庆,3室 2厅 2卫,8961 元/m²,97.7平方米,2016年,南北,中层(共32层),精装修,有,22.687785,108.404978
印象愉景湾,良庆,4室 2厅 2卫,9955 元/m²,110.5平方米,2018年,南北,中层(共30层),精装修,有,22.687785,108.404978
恒大绿洲,良庆,3室 2厅 2卫,11001 元/m²,115.4平方米,2012年,南,中层(共11层),精装修,有,22.766675,108.351816
盛邦珑悦,良庆,4室 2厅 2卫,9524 元/m²,105平方米,2018年,南,高层(共33层),精装修,有,22.753261,108.425302
万科金域中央,良庆,4室 2厅 2卫,13808 元/m²,143.4平方米,2018年,南北,中层(共50层),精装修,有,22.758951,108.387577
新加坡城东区,良庆,3室 2厅 2卫,9058 元/m²,138平方米,2010年,南,中层(共18层),精装修,有,22.771582,108.336307
阳光新城碧涛苑,良庆,2室 2厅 1卫,9733 元/m²,75平方米,2006年,南,中层(共6层),简单装修,无,22.762021,108.337071
西津小区,良庆,3室 2厅 1卫,7500 元/m²,100平方米,2010年,南,高层(共8层),简单装修,有,22.765172,108.327734
彰泰城,良庆,1室 1厅 1卫,11965 元/m²,43.5平方米,2019年,南北,中层(共32层),精装修,有,22.77259,108.395976
合景天汇广场,良庆,4室 2厅 2卫,15940 元/m²,122.3平方米,2016年,北,高层(共46层),精装修,有,22.735053,108.387344
印象愉景湾,良庆,3室 2厅 2卫,9329 元/m²,91.3平方米,2016年,南北,高层(共32层),精装修,有,22.687785,108.404978
印象愉景湾,良庆,3室 2厅 2卫,8980 元/m²,96.9平方米,2017年,南北,低层(共31层),精装修,有,22.687785,108.404978
印象愉景湾,良庆,3室 2厅 2卫,10215 元/m²,95平方米,2018年,南,中层(共28层),豪华装修,有,22.687785,108.404978
华润二十四城,良庆,3室 2厅 1卫,19430 元/m²,84.9平方米,2015年,东,高层(共33层),毛坯,有,22.730928,108.390628
金象绿城1区,良庆,1室 0厅 1卫,9087 元/m²,46.2平方米,2012年,南,中层(共22层),精装修,有,22.740842,108.332751
荣和半山华府,良庆,4室 2厅 2卫,9970 元/m²,95.3平方米,2018年,南北,中层(共32层),精装修,有,22.732702,108.334881
荣和五象学府,良庆,4室 2厅 2卫,10918 元/m²,98平方米,2019年,南北,中层(共27层),精装修,有,22.714722,108.391836
印象愉景湾,良庆,3室 2厅 2卫,9187 元/m²,96.9平方米,2019年,南,中层(共32层),精装修,有,22.687785,108.404978
金源一品,良庆,6室 3厅 5卫,20453 元/m²,366.7平方米,2016年,南,中层(共27层),毛坯,有,22.779014,108.386598
万科魅力之城,良庆,4室 2厅 2卫,18397 元/m²,89.7平方米,2016年,东南,低层(共35层),精装修,有,22.726621,108.397472
天誉花园3区,良庆,3室 2厅 2卫,11306 元/m²,91.1平方米,2017年,南,中层(共32层),毛坯,有,22.753156,108.422681
印象愉景湾,良庆,3室 2厅 2卫,9380 元/m²,96平方米,2017年,南,中层(共33层),精装修,有,22.687785,108.404978
金玖世家,良庆,4室 2厅 2卫,11887 元/m²,116.1平方米,2018年,南北,中层(共32层),豪华装修,有,22.729414,108.358478
龙光玖珑郡(商住楼),良庆,2室 2厅 1卫,9302 元/m²,43平方米,2019年,南,中层(共26层),毛坯,有,22.709979,108.391678
瀚德IBC汇智广场,良庆,2室 2厅 1卫,12500 元/m²,32平方米,2011年,南北,中层(共23层),精装修,有,22.765214,108.388979
金象绿城1区,良庆,1室 1厅 1卫,8654 元/m²,46.2平方米,2010年,南北,高层(共16层),精装修,有,22.740842,108.332751
华润二十四城,良庆,4室 2厅 2卫,21864 元/m²,121.7平方米,2018年,南,中层(共48层),毛坯,有,22.730928,108.390628
五象世茂中心,良庆,2室 2厅 1卫,8611 元/m²,36平方米,2019年,南北,中层(共32层),毛坯,有,22.760469,108.388107
印象愉景湾,良庆,3室 2厅 2卫,8972 元/m²,95平方米,2016年,南北,高层(共32层),精装修,有,22.687785,108.404978
印象愉景湾,良庆,3室 2厅 2卫,10203 元/m²,97平方米,2018年,南,中层(共29层),精装修,有,22.687785,108.404978
龙光玖誉湖,良庆,3室 2厅 2卫,9589 元/m²,100.1平方米,2018年,南北,低层(共28层),精装修,有,22.753807,108.414953
碧桂园天玺湾,良庆,3室 2厅 2卫,14696 元/m²,100.7平方米,2018年,南,中层(共33层),精装修,有,22.73726,108.371638
祖龙ACMALL,良庆,2室 2厅 1卫,9656 元/m²,62.1平方米,2017年,南,中层(共25层),精装修,有,22.729125,108.343543
印象愉景湾,良庆,3室 2厅 2卫,9380 元/m²,96平方米,2017年,南,中层(共33层),精装修,有,22.687785,108.404978
中南紫云集,良庆,3室 2厅 2卫,12421 元/m²,95平方米,2017年,南,中层(共31层),精装修,有,22.735263,108.356959
合景天汇广场,良庆,4室 2厅 2卫,15860 元/m²,121.7平方米,2015年,南北,中层(共32层),精装修,有,22.735053,108.387344
盛邦珑湖,良庆,3室 2厅 2卫,15000 元/m²,92平方米,2017年,南,低层(共31层),毛坯,有,22.744119,108.364257
西津小区,良庆,3室 2厅 1卫,7113 元/m²,97平方米,2005年,南,中层(共8层),简单装修,无,22.765172,108.327734
新加坡城东区,良庆,2室 2厅 1卫,9021 元/m²,77.6平方米,2005年,南,中层(共6层),精装修,无,22.771582,108.336307
江山御景,良庆,3室 2厅 2卫,16657 元/m²,90.1平方米,2016年,南,中层(共18层),毛坯,有,22.78127,108.372225
印象愉景湾,良庆,4室 2厅 2卫,9290 元/m²,96.9平方米,2017年,南北,中层(共30层),精装修,有,22.687785,108.404978
万达茂天樾,邕宁,2室 2厅 1卫,9286 元/m²,42平方米,2018年,南北,高层(共11层),毛坯,有,22.773832,108.438769
盛湖悦景,邕宁,3室 2厅 2卫,9521 元/m²,96.6平方米,2018年,南,中层(共30层),精装修,有,22.774716,108.477902
龙光玖珑臺,邕宁,1室 1厅 1卫,10357 元/m²,28平方米,2018年,南北,中层(共12层),毛坯,有,22.78635,108.451598
万达茂御江国际,邕宁,4室 2厅 2卫,12609 元/m²,115平方米,2015年,南,高层(共32层),毛坯,有,22.779111,108.438846
盛湖悦景,邕宁,3室 2厅 2卫,10482 元/m²,96.4平方米,2018年,南,中层(共26层),豪华装修,有,22.774716,108.477902
君华锦云,邕宁,4室 2厅 2卫,9127 元/m²,123.8平方米,2017年,东,高层(共32层),毛坯,有,22.78789,108.485296
合景天峻广场,邕宁,3室 2厅 2卫,12932 元/m²,88.9平方米,2017年,东,高层(共33层),豪华装修,有,22.791697,108.468286
龙岗大唐果,邕宁,4室 2厅 2卫,10976 元/m²,96.6平方米,2015年,南,高层(共32层),精装修,有,22.779644,108.464812
龙域香醍半岛,邕宁,3室 2厅 1卫,10329 元/m²,77.5平方米,2012年,南北,中层(共18层),精装修,有,22.790175,108.483289
世茂茂御府,邕宁,4室 2厅 2卫,12256 元/m²,111平方米,2016年,南,低层(共32层),毛坯,有,22.78674,108.462622
银泉一品天誉,邕宁,3室 2厅 2卫,8657 元/m²,98.2平方米,2018年,南北,中层(共33层),精装修,有,22.791714,108.472735
龙光玖珑臺,邕宁,2室 2厅 1卫,10000 元/m²,38平方米,2018年,南北,低层(共32层),精装修,有,22.78635,108.451598
世茂茂御府,邕宁,3室 2厅 2卫,10865 元/m²,89.3平方米,2017年,南,高层(共30层),毛坯,有,22.78674,108.462622
中国锦园(别墅),邕宁,4室 2厅 4卫,17110 元/m²,263平方米,2019年,南,共3层,精装修,有,22.767262,108.436908
万达茂天樾,邕宁,2室 2厅 2卫,9302 元/m²,43平方米,2017年,南北,低层(共33层),精装修,有,22.773832,108.438769
合景天峻广场,邕宁,3室 2厅 2卫,9791 元/m²,98.1平方米,2017年,南,中层(共30层),精装修,有,22.791697,108.468286
合景天峻广场,邕宁,3室 2厅 2卫,9801 元/m²,98.1平方米,2017年,南,中层(共30层),精装修,有,22.791697,108.468286
中国锦园,邕宁,4室 2厅 3卫,12333 元/m²,150平方米,2018年,南北,中层(共32层),精装修,有,22.767262,108.436908
盛湖悦景,邕宁,3室 2厅 2卫,9770 元/m²,97.2平方米,2018年,南北,中层(共32层),精装修,有,22.774716,108.477902
中国锦园,邕宁,2室 2厅 2卫,14651 元/m²,43平方米,2018年,南北,中层(共30层),精装修,有,22.767262,108.436908
昌泰水立方,邕宁,4室 2厅 2卫,10382 元/m²,115.6平方米,2012年,南,高层(共27层),豪华装修,有,22.785454,108.473281
君华锦云,邕宁,3室 2厅 2卫,8028 元/m²,97.2平方米,2016年,南,高层(共31层),毛坯,有,22.78789,108.485296
大唐世家,邕宁,2室 2厅 1卫,10267 元/m²,66.2平方米,2017年,南,高层(共32层),精装修,有,22.764427,108.466532
万达茂天樾,邕宁,1室 1厅 1卫,12000 元/m²,30平方米,2019年,南北,中层(共25层),毛坯,有,22.773832,108.438769
世茂茂御府,邕宁,3室 2厅 1卫,11299 元/m²,78.8平方米,2016年,南,高层(共33层),毛坯,有,22.78674,108.462622
盛湖悦景,邕宁,4室 2厅 2卫,10304 元/m²,110.6平方米,2018年,南北,中层(共26层),豪华装修,有,22.774716,108.477902
世茂茂御府,邕宁,3室 2厅 1卫,11612 元/m²,79.2平方米,2017年,东南,高层(共33层),豪华装修,有,22.78674,108.462622
蓝光雍锦澜湾,邕宁,4室 2厅 2卫,11968 元/m²,112.8平方米,2017年,南北,低层(共32层),精装修,有,22.779129,108.451182
万达茂御江国际,邕宁,4室 2厅 2卫,12847 元/m²,137平方米,2016年,南,高层(共32层),毛坯,有,22.779111,108.438846
大唐盛世,邕宁,3室 2厅 2卫,7980 元/m²,99平方米,2019年,南,中层(共32层),精装修,有,22.777465,108.477847
合景天峻广场,邕宁,3室 2厅 2卫,10072 元/m²,89.4平方米,2019年,南,中层(共33层),豪华装修,有,22.791697,108.468286
南宁万达茂,邕宁,3室 2厅 2卫,11189 元/m²,88.5平方米,2017年,南,中层(共32层),精装修,有,22.773835,108.438754
盛湖悦景,邕宁,3室 2厅 2卫,9240 元/m²,97.4平方米,2018年,南,中层(共32层),精装修,有,22.774716,108.477902
万达茂天樾,邕宁,1室 1厅 1卫,11250 元/m²,40平方米,2018年,南北,中层(共32层),精装修,有,22.773832,108.438769
南宁宝能城市广场,邕宁,3室 2厅 2卫,9173 元/m²,81.8平方米,2017年,南北,中层(共33层),精装修,有,22.787612,108.473365
万达茂御江国际,邕宁,4室 2厅 2卫,13534 元/m²,133平方米,2017年,南,高层(共18层),毛坯,有,22.779111,108.438846
万达茂天樾,邕宁,1室 1厅 1卫,10500 元/m²,40平方米,2018年,南,低层(共32层),毛坯,有,22.773832,108.438769
龙光玖珑臺,邕宁,1室 1厅 1卫,8966 元/m²,29平方米,2018年,南,中层(共31层),毛坯,有,22.78635,108.451598
龙岗大唐果,邕宁,4室 2厅 2卫,10976 元/m²,96.6平方米,2014年,南,高层(共32层),豪华装修,有,22.779644,108.464812
世茂茂御府,邕宁,3室 2厅 1卫,12085 元/m²,67.9平方米,2015年,南,中层(共28层),精装修,有,22.78674,108.462622
大唐世家,邕宁,3室 2厅 1卫,9974 元/m²,80.2平方米,2017年,南,中层(共32层),毛坯,有,22.764427,108.466532
南宁宝能城市广场,邕宁,3室 1厅 2卫,10652 元/m²,92平方米,2016年,南北,低层(共26层),毛坯,有,22.787612,108.473365
昌泰水立方,邕宁,4室 2厅 2卫,10838 元/m²,111.6平方米,2013年,南北,高层(共33层),豪华装修,有,22.785454,108.473281
南宁宝能城市广场,邕宁,3室 2厅 1卫,12099 元/m²,81平方米,2016年,南,低层(共31层),豪华装修,有,22.787612,108.473365
大唐世家,邕宁,3室 2厅 2卫,12730 元/m²,86.4平方米,2016年,南北,高层(共32层),精装修,有,22.764427,108.466532
中国锦园,邕宁,2室 2厅 2卫,14651 元/m²,43平方米,2019年,南,低层(共32层),简单装修,无,22.767262,108.436908
盛湖悦景,邕宁,4室 2厅 2卫,8561 元/m²,91.1平方米,2019年,西南,低层(共33层),豪华装修,有,22.774716,108.477902
万达茂天樾,邕宁,2室 2厅 1卫,12245 元/m²,49平方米,2015年,南,中层(共46层),毛坯,有,22.773832,108.438769
新城悦隽风华,邕宁,4室 2厅 2卫,10783 元/m²,115平方米,2018年,南北,中层(共32层),精装修,有,22.772644,108.447666
合景天峻广场,邕宁,4室 2厅 2卫,12372 元/m²,117.2平方米,2015年,南,高层(共30层),豪华装修,有,22.791697,108.468286
天地明珠,邕宁,3室 2厅 2卫,10474 元/m²,95.5平方米,2016年,南,高层(共30层),毛坯,有,22.785521,108.447355
龙岗大唐果,邕宁,4室 2厅 2卫,10873 元/m²,96.6平方米,2016年,南,高层(共32层),精装修,有,22.779644,108.464812
中国铁建江湾山语城,邕宁,5室 2厅 2卫,14040 元/m²,149.6平方米,2017年,南北,高层(共30层),毛坯,有,22.788172,108.466329
世茂茂御府,邕宁,3室 2厅 1卫,12658 元/m²,67.9平方米,2017年,南北,中层(共32层),精装修,有,22.78674,108.462622
昌泰水立方,邕宁,3室 2厅 2卫,10529 元/m²,88.3平方米,2012年,南,低层(共33层),精装修,有,22.785454,108.473281
蓝光雍锦澜湾,邕宁,3室 2厅 2卫,10284 元/m²,105平方米,2019年,南,中层(共32层),精装修,有,22.779129,108.451182
蓝光雍锦澜湾,邕宁,4室 2厅 2卫,12114 元/m²,128.8平方米,2019年,南,中层(共33层),精装修,有,22.779129,108.451182
昌泰水立方,邕宁,3室 2厅 1卫,10852 元/m²,87.5平方米,2014年,东南,中层(共32层),精装修,有,22.785454,108.473281
大唐世家,邕宁,4室 2厅 2卫,9624 元/m²,109.1平方米,2016年,南,中层(共33层),毛坯,有,22.764427,108.466532
南宁万达茂,邕宁,4室 2厅 2卫,13236 元/m²,143.6平方米,2016年,南,高层(共48层),毛坯,有,22.773835,108.438754
学府豪庭,武鸣,3室 2厅 2卫,4526 元/m²,95平方米,2015年,南,低层(共28层),精装修,有,23.197712,108.17563
学府豪庭,武鸣,3室 2厅 2卫,4592 元/m²,98平方米,2015年,南,中层(共28层),精装修,有,23.197712,108.17563
绿地东盟国际城,武鸣,4室 2厅 2卫,5625 元/m²,112平方米,2019年,南北,中层(共32层),精装修,有,23.196212,108.169692
公园道,武鸣,4室 2厅 2卫,4522 元/m²,115平方米,2018年,南北,高层(共8层),简单装修,有,23.200079,108.19031
学府豪庭,武鸣,4室 2厅 2卫,4643 元/m²,140平方米,2018年,南北,中层(共33层),精装修,有,23.197712,108.17563
学府豪庭,武鸣,3室 2厅 2卫,4737 元/m²,95平方米,2018年,南北,中层(共33层),毛坯,有,23.197712,108.17563
学府豪庭,武鸣,3室 2厅 2卫,4211 元/m²,95平方米,2017年,南北,中层(共32层),毛坯,有,23.197712,108.17563
江宇梦想小镇,武鸣,5室 2厅 2卫,13024 元/m²,205平方米,2019年,南,共3层,精装修,无,23.051404,108.296093
君华小镇,武鸣,4室 2厅 2卫,4870 元/m²,115平方米,2018年,南北,中层(共31层),毛坯,有,23.173584,108.23496
学府豪庭,武鸣,4室 2厅 2卫,4539 元/m²,141平方米,2018年,南北,中层(共33层),精装修,有,23.197712,108.17563
学府豪庭,武鸣,2室 2厅 2卫,4526 元/m²,95平方米,2018年,南北,低层(共33层),精装修,有,23.197712,108.17563
云星钱隆江景,武鸣,4室 2厅 2卫,6159 元/m²,138平方米,2019年,南北,中层(共30层),毛坯,有,23.174089,108.266717
九个半岛,武鸣,3室 2厅 2卫,5000 元/m²,113平方米,2019年,东南,低层(共30层),毛坯,有,23.165102,108.270541
君华小镇,武鸣,5室 2厅 3卫,10684 元/m²,117平方米,2018年,南,共4层,毛坯,无,23.173584,108.23496
九个半岛,武鸣,4室 2厅 2卫,5752 元/m²,113平方米,2019年,南北,中层(共31层),毛坯,有,23.165102,108.270541
云星钱隆江景,武鸣,3室 2厅 2卫,6250 元/m²,96平方米,2019年,南北,中层(共29层),毛坯,有,23.174089,108.266717
君华小镇,武鸣,3室 2厅 2卫,5139 元/m²,108平方米,2019年,南,中层(共31层),精装修,有,23.173584,108.23496
绿地东盟国际城(别墅),武鸣,4室 2厅 3卫,10355 元/m²,169平方米,2019年,南北,共2层,精装修,有,23.196212,108.169692
公园道,武鸣,3室 2厅 2卫,4737 元/m²,95平方米,2018年,南,中层(共40层),精装修,有,23.200079,108.19031
云星钱隆江景,武鸣,3室 2厅 2卫,6286 元/m²,105平方米,2019年,南北,高层(共18层),精装修,有,23.174089,108.266717
绿地东盟国际城,武鸣,3室 2厅 2卫,4737 元/m²,95平方米,2018年,南北,中层(共32层),精装修,有,23.196212,108.169692
江宇梦想小镇,武鸣,3室 2厅 2卫,12000 元/m²,161平方米,2018年,南北,共3层,毛坯,有,23.051404,108.296093
九个半岛,武鸣,4室 2厅 2卫,5336 元/m²,113平方米,2019年,南北,低层(共9层),毛坯,有,23.165102,108.270541
九个半岛,武鸣,4室 2厅 2卫,5500 元/m²,120平方米,2016年,南北,高层(共16层),毛坯,有,23.165102,108.270541
君华小镇,武鸣,4室 2厅 2卫,4579 元/m²,107平方米,2015年,南北,高层(共32层),毛坯,有,23.173584,108.23496
东盟商业广场,武鸣,1室 1厅 1卫,4186 元/m²,43平方米,2019年,南北,中层(共30层),毛坯,有,23.196455,108.188221
君华小镇,武鸣,3室 2厅 2卫,4870 元/m²,115平方米,2019年,南北,中层(共31层),精装修,有,23.173584,108.23496
学府豪庭,武鸣,4室 2厅 2卫,5227 元/m²,110平方米,2019年,南,中层(共31层),精装修,有,23.197712,108.17563
学府豪庭,武鸣,3室 2厅 2卫,4727 元/m²,110平方米,2018年,南北,低层(共33层),精装修,有,23.197712,108.17563
东盟商业广场,武鸣,1室 1厅 1卫,4604 元/m²,48平方米,2019年,南,中层(共31层),精装修,有,23.196455,108.188221
九个半岛,武鸣,3室 2厅 2卫,5683 元/m²,120平方米,2019年,南北,中层(共30层),精装修,有,23.165102,108.270541
绿地东盟国际城,武鸣,3室 2厅 2卫,4842 元/m²,95平方米,2019年,南,中层(共27层),毛坯,有,23.196212,108.169692
云星钱隆江景,武鸣,3室 2厅 2卫,6208 元/m²,106平方米,2019年,南北,中层(共27层),精装修,有,23.174089,108.266717
绿地东盟国际城(别墅),武鸣,3室 2厅 2卫,11735 元/m²,98平方米,2019年,南北,共3层,毛坯,无,23.196212,108.169692
华天茗城,武鸣,3室 2厅 2卫,4667 元/m²,90平方米,2015年,南,中层(共18层),毛坯,有,23.20118,108.185248
东盟商业广场,武鸣,1室 1厅 1卫,4606 元/m²,33平方米,2018年,南北,高层(共31层),精装修,有,23.196455,108.188221
江宇梦想小镇,武鸣,3室 3厅 3卫,9706 元/m²,136平方米,2019年,南,共4层,毛坯,有,23.051404,108.296093
学府豪庭,武鸣,3室 2厅 2卫,5053 元/m²,95平方米,2019年,南北,中层(共31层),精装修,有,23.197712,108.17563
绿地东盟国际城,武鸣,3室 2厅 2卫,4421 元/m²,95平方米,2019年,南北,低层(共33层),毛坯,有,23.196212,108.169692
学府豪庭,武鸣,3室 2厅 2卫,4737 元/m²,95平方米,2018年,南北,中层(共33层),精装修,有,23.197712,108.17563
江宇梦想小镇,武鸣,3室 2厅 2卫,10333 元/m²,60平方米,2019年,南,中层(共34层),毛坯,有,23.051404,108.296093
云星钱隆江景,武鸣,3室 2厅 2卫,6226 元/m²,106平方米,2018年,南北,中层(共18层),毛坯,有,23.174089,108.266717
绿地东盟国际城,武鸣,2室 2厅 2卫,5000 元/m²,60平方米,2018年,南北,中层(共30层),毛坯,有,23.196212,108.169692
江宇梦想小镇,武鸣,4室 2厅 2卫,10000 元/m²,60平方米,2019年,南,中层(共34层),毛坯,有,23.051404,108.296093
绿地东盟国际城,武鸣,3室 2厅 2卫,5579 元/m²,95平方米,2019年,东南,中层(共34层),精装修,有,23.196212,108.169692
绿地东盟国际城,武鸣,4室 2厅 2卫,5217 元/m²,115平方米,2018年,东南,低层(共30层),毛坯,有,23.196212,108.169692
君华小镇,武鸣,4室 2厅 2卫,4598 元/m²,107平方米,2019年,南北,中层(共30层),毛坯,有,23.173584,108.23496
公园道,武鸣,4室 2厅 2卫,4496 元/m²,129平方米,2018年,南北,中层(共8层),毛坯,有,23.200079,108.19031
东盟商业广场,武鸣,1室 1厅 1卫,4651 元/m²,43平方米,2019年,南北,低层(共31层),精装修,有,23.196455,108.188221
御景名苑小区,武鸣,2室 2厅 2卫,3333 元/m²,78平方米,2018年,南北,低层(共28层),精装修,有,23.20717,108.175032
绿地东盟国际城,武鸣,4室 2厅 2卫,5217 元/m²,115平方米,2019年,南北,中层(共33层),毛坯,有,23.196212,108.169692
